--------------------------------------------------------
--  File created - Monday-April-28-2025   
--------------------------------------------------------
--------------------------------------------------------
--  DDL for Table EQUIPOS
--------------------------------------------------------

  CREATE TABLE "ADMIN"."EQUIPOS" 
   (	"EQUIPO_ID" NUMBER, 
	"NOMBRE_EQUIPO" VARCHAR2(100 BYTE) COLLATE "USING_NLS_COMP", 
	"DESCRIPCION" CLOB COLLATE "USING_NLS_COMP"
   )  DEFAULT COLLATION "USING_NLS_COMP" SEGMENT CREATION IMMEDIATE 
  PCTFREE 10 PCTUSED 40 INITRANS 10 MAXTRANS 255 
 NOCOMPRESS LOGGING
  STORAGE(INITIAL 65536 NEXT 1048576 MINEXTENTS 1 MAXEXTENTS 2147483645
  PCTINCREASE 0 FREELISTS 1 FREELIST GROUPS 1
  BUFFER_POOL DEFAULT FLASH_CACHE DEFAULT CELL_FLASH_CACHE DEFAULT)
  TABLESPACE "DATA" 
 LOB ("DESCRIPCION") STORE AS SECUREFILE (
  TABLESPACE "DATA" ENABLE STORAGE IN ROW CHUNK 8192
  NOCACHE LOGGING  NOCOMPRESS  KEEP_DUPLICATES 
  STORAGE(INITIAL 106496 NEXT 1048576 MINEXTENTS 1 MAXEXTENTS 2147483645
  PCTINCREASE 0
  BUFFER_POOL DEFAULT FLASH_CACHE DEFAULT CELL_FLASH_CACHE DEFAULT)) ;
--------------------------------------------------------
--  DDL for Table KPIS
--------------------------------------------------------

  CREATE TABLE "ADMIN"."KPIS" 
   (	"KPI_ID" NUMBER, 
	"USUARIO_ID" NUMBER, 
	"NOMBRE_KPI" VARCHAR2(100 BYTE) COLLATE "USING_NLS_COMP", 
	"DESCRIPCION" CLOB COLLATE "USING_NLS_COMP", 
	"VALOR_ACTUAL" NUMBER(10,2), 
	"META" NUMBER(10,2), 
	"FECHA_REGISTRO" TIMESTAMP (6)
   )  DEFAULT COLLATION "USING_NLS_COMP" SEGMENT CREATION DEFERRED 
  PCTFREE 10 PCTUSED 40 INITRANS 10 MAXTRANS 255 
 NOCOMPRESS LOGGING
  TABLESPACE "DATA" 
 LOB ("DESCRIPCION") STORE AS SECUREFILE (
  TABLESPACE "DATA" ENABLE STORAGE IN ROW CHUNK 8192
  NOCACHE LOGGING  NOCOMPRESS  KEEP_DUPLICATES ) ;
--------------------------------------------------------
--  DDL for Table PROYECTOS
--------------------------------------------------------

  CREATE TABLE "ADMIN"."PROYECTOS" 
   (	"PROYECTO_ID" NUMBER, 
	"NOMBRE" VARCHAR2(100 BYTE) COLLATE "USING_NLS_COMP", 
	"DESCRIPCION" CLOB COLLATE "USING_NLS_COMP", 
	"EQUIPO_ID" NUMBER, 
	"FECHA_INICIO" DATE, 
	"FECHA_FIN" DATE
   )  DEFAULT COLLATION "USING_NLS_COMP" SEGMENT CREATION IMMEDIATE 
  PCTFREE 10 PCTUSED 40 INITRANS 10 MAXTRANS 255 
 NOCOMPRESS LOGGING
  STORAGE(INITIAL 65536 NEXT 1048576 MINEXTENTS 1 MAXEXTENTS 2147483645
  PCTINCREASE 0 FREELISTS 1 FREELIST GROUPS 1
  BUFFER_POOL DEFAULT FLASH_CACHE DEFAULT CELL_FLASH_CACHE DEFAULT)
  TABLESPACE "DATA" 
 LOB ("DESCRIPCION") STORE AS SECUREFILE (
  TABLESPACE "DATA" ENABLE STORAGE IN ROW CHUNK 8192
  NOCACHE LOGGING  NOCOMPRESS  KEEP_DUPLICATES 
  STORAGE(INITIAL 106496 NEXT 1048576 MINEXTENTS 1 MAXEXTENTS 2147483645
  PCTINCREASE 0
  BUFFER_POOL DEFAULT FLASH_CACHE DEFAULT CELL_FLASH_CACHE DEFAULT)) ;
--------------------------------------------------------
--  DDL for Table SPRINTS
--------------------------------------------------------

  CREATE TABLE "ADMIN"."SPRINTS" 
   (	"SPRINT_ID" NUMBER, 
	"PROYECTO_ID" NUMBER, 
	"NOMBRE" VARCHAR2(100 BYTE) COLLATE "USING_NLS_COMP", 
	"FECHA_INICIO" DATE, 
	"FECHA_FIN" DATE, 
	"ESTADO" VARCHAR2(20 BYTE) COLLATE "USING_NLS_COMP"
   )  DEFAULT COLLATION "USING_NLS_COMP" SEGMENT CREATION IMMEDIATE 
  PCTFREE 10 PCTUSED 40 INITRANS 10 MAXTRANS 255 
 NOCOMPRESS LOGGING
  STORAGE(INITIAL 65536 NEXT 1048576 MINEXTENTS 1 MAXEXTENTS 2147483645
  PCTINCREASE 0 FREELISTS 1 FREELIST GROUPS 1
  BUFFER_POOL DEFAULT FLASH_CACHE DEFAULT CELL_FLASH_CACHE DEFAULT)
  TABLESPACE "DATA" ;
--------------------------------------------------------
--  DDL for Table TAREAS
--------------------------------------------------------

  CREATE TABLE "ADMIN"."TAREAS" 
   (	"TAREA_ID" NUMBER, 
	"PROYECTO_ID" NUMBER, 
	"TITULO" VARCHAR2(100 BYTE) COLLATE "USING_NLS_COMP", 
	"DESCRIPCION" CLOB COLLATE "USING_NLS_COMP", 
	"ESTADO" VARCHAR2(20 BYTE) COLLATE "USING_NLS_COMP", 
	"HORAS_ESTIMADAS" NUMBER(5,2), 
	"HORAS_REALES" NUMBER(5,2), 
	"FECHA_CREACION" TIMESTAMP (6), 
	"EQUIPO_ID" NUMBER, 
	"USUARIO_ID" NUMBER, 
	"DEADLINE" DATE, 
	"SPRINT_ID" NUMBER, 
	"FECHA_FINALIZACION" TIMESTAMP (6)
   )  DEFAULT COLLATION "USING_NLS_COMP" SEGMENT CREATION IMMEDIATE 
  PCTFREE 10 PCTUSED 40 INITRANS 10 MAXTRANS 255 
 NOCOMPRESS LOGGING
  STORAGE(INITIAL 65536 NEXT 1048576 MINEXTENTS 1 MAXEXTENTS 2147483645
  PCTINCREASE 0 FREELISTS 1 FREELIST GROUPS 1
  BUFFER_POOL DEFAULT FLASH_CACHE DEFAULT CELL_FLASH_CACHE DEFAULT)
  TABLESPACE "DATA" 
 LOB ("DESCRIPCION") STORE AS SECUREFILE (
  TABLESPACE "DATA" ENABLE STORAGE IN ROW CHUNK 8192
  NOCACHE LOGGING  NOCOMPRESS  KEEP_DUPLICATES 
  STORAGE(INITIAL 106496 NEXT 1048576 MINEXTENTS 1 MAXEXTENTS 2147483645
  PCTINCREASE 0
  BUFFER_POOL DEFAULT FLASH_CACHE DEFAULT CELL_FLASH_CACHE DEFAULT)) ;
--------------------------------------------------------
--  DDL for Table SUB_TAREAS
--------------------------------------------------------

  CREATE TABLE "ADMIN"."SUB_TAREAS" 
   (	"SUB_TAREA_ID" NUMBER GENERATED ALWAYS AS IDENTITY MINVALUE 1 MAXVALUE 9999999999999999999999999999 INCREMENT BY 1 START WITH 1 CACHE 20 NOORDER  NOCYCLE  NOKEEP  NOSCALE , 
	"TAREA_ID" NUMBER, 
	"TITULO" VARCHAR2(255 BYTE) COLLATE "USING_NLS_COMP", 
	"DESCRIPCION" VARCHAR2(1000 BYTE) COLLATE "USING_NLS_COMP", 
	"ESTADO" VARCHAR2(50 BYTE) COLLATE "USING_NLS_COMP", 
	"HORAS_ESTIMADAS" NUMBER, 
	"HORAS_REALES" NUMBER, 
	"FECHA_CREACION" TIMESTAMP (6), 
	"DEADLINE" TIMESTAMP (6)
   )  DEFAULT COLLATION "USING_NLS_COMP" SEGMENT CREATION IMMEDIATE 
  PCTFREE 10 PCTUSED 40 INITRANS 10 MAXTRANS 255 
 NOCOMPRESS LOGGING
  STORAGE(INITIAL 65536 NEXT 1048576 MINEXTENTS 1 MAXEXTENTS 2147483645
  PCTINCREASE 0 FREELISTS 1 FREELIST GROUPS 1
  BUFFER_POOL DEFAULT FLASH_CACHE DEFAULT CELL_FLASH_CACHE DEFAULT)
  TABLESPACE "DATA" ;
--------------------------------------------------------
--  DDL for Table USUARIOS
--------------------------------------------------------

  CREATE TABLE "ADMIN"."USUARIOS" 
   (	"USUARIO_ID" NUMBER, 
	"NOMBRE" VARCHAR2(100 BYTE) COLLATE "USING_NLS_COMP", 
	"EMAIL" VARCHAR2(100 BYTE) COLLATE "USING_NLS_COMP", 
	"ROL" VARCHAR2(50 BYTE) COLLATE "USING_NLS_COMP", 
	"EQUIPO_ID" NUMBER, 
	"TELEGRAM_CHAT_ID" VARCHAR2(100 BYTE) COLLATE "USING_NLS_COMP"
   )  DEFAULT COLLATION "USING_NLS_COMP" SEGMENT CREATION IMMEDIATE 
  PCTFREE 10 PCTUSED 40 INITRANS 10 MAXTRANS 255 
 NOCOMPRESS LOGGING
  STORAGE(INITIAL 65536 NEXT 1048576 MINEXTENTS 1 MAXEXTENTS 2147483645
  PCTINCREASE 0 FREELISTS 1 FREELIST GROUPS 1
  BUFFER_POOL DEFAULT FLASH_CACHE DEFAULT CELL_FLASH_CACHE DEFAULT)
  TABLESPACE "DATA" ;
REM INSERTING into ADMIN.EQUIPOS
SET DEFINE OFF;
Insert into ADMIN.EQUIPOS (EQUIPO_ID,NOMBRE_EQUIPO) values (1,'Team Rocket');
REM INSERTING into ADMIN.KPIS
SET DEFINE OFF;
REM INSERTING into ADMIN.PROYECTOS
SET DEFINE OFF;
Insert into ADMIN.PROYECTOS (PROYECTO_ID,NOMBRE,EQUIPO_ID,FECHA_INICIO,FECHA_FIN) values (1,'Toodo Task Manager',1,to_date('01/04/25','DD/MM/RR'),to_date('30/06/25','DD/MM/RR'));
Insert into ADMIN.PROYECTOS (PROYECTO_ID,NOMBRE,EQUIPO_ID,FECHA_INICIO,FECHA_FIN) values (2,'Toodo Task Manager',1,to_date('01/04/25','DD/MM/RR'),to_date('30/06/25','DD/MM/RR'));
Insert into ADMIN.PROYECTOS (PROYECTO_ID,NOMBRE,EQUIPO_ID,FECHA_INICIO,FECHA_FIN) values (3,'Toodo Task Manager',1,to_date('01/04/25','DD/MM/RR'),to_date('30/06/25','DD/MM/RR'));
REM INSERTING into ADMIN.SPRINTS
SET DEFINE OFF;
Insert into ADMIN.SPRINTS (SPRINT_ID,PROYECTO_ID,NOMBRE,FECHA_INICIO,FECHA_FIN,ESTADO) values (1,1,'Sprint 1',to_date('22/04/25','DD/MM/RR'),to_date('06/05/25','DD/MM/RR'),'Activo');
Insert into ADMIN.SPRINTS (SPRINT_ID,PROYECTO_ID,NOMBRE,FECHA_INICIO,FECHA_FIN,ESTADO) values (2,1,'Sprint 2',to_date('24/03/25','DD/MM/RR'),to_date('04/04/25','DD/MM/RR'),'Activo');
REM INSERTING into ADMIN.TAREAS
SET DEFINE OFF;
Insert into ADMIN.TAREAS (TAREA_ID,PROYECTO_ID,TITULO,ESTADO,HORAS_ESTIMADAS,HORAS_REALES,FECHA_CREACION,EQUIPO_ID,USUARIO_ID,DEADLINE,SPRINT_ID,FECHA_FINALIZACION) values (227,1,'KPIs TDD Necesary Endpoints','completado',3,3,to_timestamp('21/04/25 08:00:10.000000000','DD/MM/RR HH24:MI:SSXFF'),1,100,to_date('23/04/25','DD/MM/RR'),2,to_timestamp('22/04/25 15:34:42.000000000','DD/MM/RR HH24:MI:SSXFF'));
Insert into ADMIN.TAREAS (TAREA_ID,PROYECTO_ID,TITULO,ESTADO,HORAS_ESTIMADAS,HORAS_REALES,FECHA_CREACION,EQUIPO_ID,USUARIO_ID,DEADLINE,SPRINT_ID,FECHA_FINALIZACION) values (228,1,'Usuarios TDD Necesary Endpoints','completado',3,3,to_timestamp('21/04/25 08:00:10.000000000','DD/MM/RR HH24:MI:SSXFF'),1,103,to_date('23/04/25','DD/MM/RR'),2,to_timestamp('22/04/25 12:03:42.000000000','DD/MM/RR HH24:MI:SSXFF'));
Insert into ADMIN.TAREAS (TAREA_ID,PROYECTO_ID,TITULO,ESTADO,HORAS_ESTIMADAS,HORAS_REALES,FECHA_CREACION,EQUIPO_ID,USUARIO_ID,DEADLINE,SPRINT_ID,FECHA_FINALIZACION) values (229,1,'Subtareas TDD Necesary Endpoints','completado',3,4,to_timestamp('21/04/25 08:00:10.000000000','DD/MM/RR HH24:MI:SSXFF'),1,104,to_date('23/04/25','DD/MM/RR'),2,to_timestamp('22/04/25 16:43:11.000000000','DD/MM/RR HH24:MI:SSXFF'));
Insert into ADMIN.TAREAS (TAREA_ID,PROYECTO_ID,TITULO,ESTADO,HORAS_ESTIMADAS,HORAS_REALES,FECHA_CREACION,EQUIPO_ID,USUARIO_ID,DEADLINE,SPRINT_ID,FECHA_FINALIZACION) values (184,1,'Confirm if user deletion and SSO will be supported','completado',1,1,to_timestamp('07/04/25 15:30:00.000000000','DD/MM/RR HH24:MI:SSXFF'),1,103,to_date('23/04/25','DD/MM/RR'),2,to_timestamp('09/04/25 16:30:00.000000000','DD/MM/RR HH24:MI:SSXFF'));
Insert into ADMIN.TAREAS (TAREA_ID,PROYECTO_ID,TITULO,ESTADO,HORAS_ESTIMADAS,HORAS_REALES,FECHA_CREACION,EQUIPO_ID,USUARIO_ID,DEADLINE,SPRINT_ID,FECHA_FINALIZACION) values (185,1,'Create KPIs page and route','completado',4,4,to_timestamp('07/04/25 15:30:00.000000000','DD/MM/RR HH24:MI:SSXFF'),1,100,to_date('23/04/25','DD/MM/RR'),2,to_timestamp('22/04/25 20:32:01.000000000','DD/MM/RR HH24:MI:SSXFF'));
Insert into ADMIN.TAREAS (TAREA_ID,PROYECTO_ID,TITULO,ESTADO,HORAS_ESTIMADAS,HORAS_REALES,FECHA_CREACION,EQUIPO_ID,USUARIO_ID,DEADLINE,SPRINT_ID,FECHA_FINALIZACION) values (187,1,'Roles functionality','pendiente',4,null,to_timestamp('07/04/25 15:30:00.000000000','DD/MM/RR HH24:MI:SSXFF'),1,102,to_date('07/05/25','DD/MM/RR'),2,null);
Insert into ADMIN.TAREAS (TAREA_ID,PROYECTO_ID,TITULO,ESTADO,HORAS_ESTIMADAS,HORAS_REALES,FECHA_CREACION,EQUIPO_ID,USUARIO_ID,DEADLINE,SPRINT_ID,FECHA_FINALIZACION) values (223,1,'Usuarios Tests TDD','completado',3,3,to_timestamp('10/04/25 08:00:20.000000000','DD/MM/RR HH24:MI:SSXFF'),1,103,to_date('22/04/25','DD/MM/RR'),2,to_timestamp('21/04/25 14:43:15.000000000','DD/MM/RR HH24:MI:SSXFF'));
Insert into ADMIN.TAREAS (TAREA_ID,PROYECTO_ID,TITULO,ESTADO,HORAS_ESTIMADAS,HORAS_REALES,FECHA_CREACION,EQUIPO_ID,USUARIO_ID,DEADLINE,SPRINT_ID,FECHA_FINALIZACION) values (183,1,'Login and logout','en progreso',4,null,to_timestamp('24/04/25 03:48:02.004071000','DD/MM/RR HH24:MI:SSXFF'),1,101,to_date('23/04/25','DD/MM/RR'),2,null);
Insert into ADMIN.TAREAS (TAREA_ID,PROYECTO_ID,TITULO,ESTADO,HORAS_ESTIMADAS,HORAS_REALES,FECHA_CREACION,EQUIPO_ID,USUARIO_ID,DEADLINE,SPRINT_ID,FECHA_FINALIZACION) values (189,1,'Record Delivery video','completado',0.5,1,to_timestamp('07/04/25 15:30:00.000000000','DD/MM/RR HH24:MI:SSXFF'),1,102,to_date('24/04/25','DD/MM/RR'),2,null);
Insert into ADMIN.TAREAS (TAREA_ID,PROYECTO_ID,TITULO,ESTADO,HORAS_ESTIMADAS,HORAS_REALES,FECHA_CREACION,EQUIPO_ID,USUARIO_ID,DEADLINE,SPRINT_ID,FECHA_FINALIZACION) values (225,1,'Chatbot Tests TDD','completado',4,4,to_timestamp('10/04/25 08:00:20.000000000','DD/MM/RR HH24:MI:SSXFF'),1,102,to_date('24/04/25','DD/MM/RR'),2,to_timestamp('22/04/25 11:31:18.000000000','DD/MM/RR HH24:MI:SSXFF'));
Insert into ADMIN.TAREAS (TAREA_ID,PROYECTO_ID,TITULO,ESTADO,HORAS_ESTIMADAS,HORAS_REALES,FECHA_CREACION,EQUIPO_ID,USUARIO_ID,DEADLINE,SPRINT_ID,FECHA_FINALIZACION) values (221,1,'Tareas Tests TDD','completado',4,5,to_timestamp('10/04/25 08:00:20.000000000','DD/MM/RR HH24:MI:SSXFF'),1,101,to_date('24/04/25','DD/MM/RR'),2,to_timestamp('23/04/25 19:11:32.000000000','DD/MM/RR HH24:MI:SSXFF'));
Insert into ADMIN.TAREAS (TAREA_ID,PROYECTO_ID,TITULO,ESTADO,HORAS_ESTIMADAS,HORAS_REALES,FECHA_CREACION,EQUIPO_ID,USUARIO_ID,DEADLINE,SPRINT_ID,FECHA_FINALIZACION) values (262,1,'2FA Cron Job Setup','completado',2,2,to_timestamp('24/03/25 16:21:20.000000000','DD/MM/RR HH24:MI:SSXFF'),1,102,to_date('03/04/25','DD/MM/RR'),1,to_timestamp('02/04/25 08:15:32.000000000','DD/MM/RR HH24:MI:SSXFF'));
Insert into ADMIN.TAREAS (TAREA_ID,PROYECTO_ID,TITULO,ESTADO,HORAS_ESTIMADAS,HORAS_REALES,FECHA_CREACION,EQUIPO_ID,USUARIO_ID,DEADLINE,SPRINT_ID,FECHA_FINALIZACION) values (289,1,'Deploy project using OCI, docker and kubernetes','completado',4,4,to_timestamp('24/03/25 16:21:20.000000000','DD/MM/RR HH24:MI:SSXFF'),1,103,to_date('03/04/25','DD/MM/RR'),1,to_timestamp('02/04/25 08:15:32.000000000','DD/MM/RR HH24:MI:SSXFF'));
Insert into ADMIN.TAREAS (TAREA_ID,PROYECTO_ID,TITULO,ESTADO,HORAS_ESTIMADAS,HORAS_REALES,FECHA_CREACION,EQUIPO_ID,USUARIO_ID,DEADLINE,SPRINT_ID,FECHA_FINALIZACION) values (268,1,'Data Model Validation','completado',1,1,to_timestamp('24/03/25 16:21:20.000000000','DD/MM/RR HH24:MI:SSXFF'),1,103,to_date('03/04/25','DD/MM/RR'),1,to_timestamp('02/04/25 08:15:32.000000000','DD/MM/RR HH24:MI:SSXFF'));
Insert into ADMIN.TAREAS (TAREA_ID,PROYECTO_ID,TITULO,ESTADO,HORAS_ESTIMADAS,HORAS_REALES,FECHA_CREACION,EQUIPO_ID,USUARIO_ID,DEADLINE,SPRINT_ID,FECHA_FINALIZACION) values (270,1,'Acceptance Criteria Story Map Update','completado',2,1,to_timestamp('24/03/25 16:21:20.000000000','DD/MM/RR HH24:MI:SSXFF'),1,104,to_date('03/04/25','DD/MM/RR'),1,to_timestamp('02/04/25 08:15:32.000000000','DD/MM/RR HH24:MI:SSXFF'));
Insert into ADMIN.TAREAS (TAREA_ID,PROYECTO_ID,TITULO,ESTADO,HORAS_ESTIMADAS,HORAS_REALES,FECHA_CREACION,EQUIPO_ID,USUARIO_ID,DEADLINE,SPRINT_ID,FECHA_FINALIZACION) values (276,1,'User ID connection with Telegram','completado',2,2,to_timestamp('24/03/25 16:21:20.000000000','DD/MM/RR HH24:MI:SSXFF'),1,102,to_date('03/04/25','DD/MM/RR'),1,to_timestamp('02/04/25 08:15:32.000000000','DD/MM/RR HH24:MI:SSXFF'));
Insert into ADMIN.TAREAS (TAREA_ID,PROYECTO_ID,TITULO,ESTADO,HORAS_ESTIMADAS,HORAS_REALES,FECHA_CREACION,EQUIPO_ID,USUARIO_ID,DEADLINE,SPRINT_ID,FECHA_FINALIZACION) values (277,1,'UML sequence flow diagram','completado',2,2,to_timestamp('24/03/25 16:21:20.000000000','DD/MM/RR HH24:MI:SSXFF'),1,101,to_date('03/04/25','DD/MM/RR'),1,to_timestamp('02/04/25 08:15:32.000000000','DD/MM/RR HH24:MI:SSXFF'));
Insert into ADMIN.TAREAS (TAREA_ID,PROYECTO_ID,TITULO,ESTADO,HORAS_ESTIMADAS,HORAS_REALES,FECHA_CREACION,EQUIPO_ID,USUARIO_ID,DEADLINE,SPRINT_ID,FECHA_FINALIZACION) values (278,1,'Add task as a developer with estimated time','completado',1,2,to_timestamp('24/03/25 16:21:20.000000000','DD/MM/RR HH24:MI:SSXFF'),1,102,to_date('03/04/25','DD/MM/RR'),1,to_timestamp('02/04/25 08:15:32.000000000','DD/MM/RR HH24:MI:SSXFF'));
Insert into ADMIN.TAREAS (TAREA_ID,PROYECTO_ID,TITULO,ESTADO,HORAS_ESTIMADAS,HORAS_REALES,FECHA_CREACION,EQUIPO_ID,USUARIO_ID,DEADLINE,SPRINT_ID,FECHA_FINALIZACION) values (181,1,'KPIS Tests ','completado',1,2,to_timestamp('24/04/25 03:10:30.421000000','DD/MM/RR HH24:MI:SSXFF'),1,100,null,2,to_timestamp('24/04/25 08:15:32.000000000','DD/MM/RR HH24:MI:SSXFF'));
Insert into ADMIN.TAREAS (TAREA_ID,PROYECTO_ID,TITULO,ESTADO,HORAS_ESTIMADAS,HORAS_REALES,FECHA_CREACION,EQUIPO_ID,USUARIO_ID,DEADLINE,SPRINT_ID,FECHA_FINALIZACION) values (186,1,'Render each users KPI','completado',4,4,to_timestamp('07/04/25 15:30:00.000000000','DD/MM/RR HH24:MI:SSXFF'),1,103,to_date('24/04/25','DD/MM/RR'),2,to_timestamp('23/04/25 18:22:31.000000000','DD/MM/RR HH24:MI:SSXFF'));
Insert into ADMIN.TAREAS (TAREA_ID,PROYECTO_ID,TITULO,ESTADO,HORAS_ESTIMADAS,HORAS_REALES,FECHA_CREACION,EQUIPO_ID,USUARIO_ID,DEADLINE,SPRINT_ID,FECHA_FINALIZACION) values (188,1,'Tasks assignation functionality','completado',4,3,to_timestamp('07/04/25 15:30:00.000000000','DD/MM/RR HH24:MI:SSXFF'),1,102,to_date('22/04/25','DD/MM/RR'),2,to_timestamp('20/04/25 10:33:39.000000000','DD/MM/RR HH24:MI:SSXFF'));
Insert into ADMIN.TAREAS (TAREA_ID,PROYECTO_ID,TITULO,ESTADO,HORAS_ESTIMADAS,HORAS_REALES,FECHA_CREACION,EQUIPO_ID,USUARIO_ID,DEADLINE,SPRINT_ID,FECHA_FINALIZACION) values (191,1,'Oswaldos KPI queries and endpoints','completado',3,3,to_timestamp('10/04/25 15:30:00.000000000','DD/MM/RR HH24:MI:SSXFF'),1,103,to_date('23/04/25','DD/MM/RR'),2,to_timestamp('22/04/25 21:10:44.000000000','DD/MM/RR HH24:MI:SSXFF'));
Insert into ADMIN.TAREAS (TAREA_ID,PROYECTO_ID,TITULO,ESTADO,HORAS_ESTIMADAS,HORAS_REALES,FECHA_CREACION,EQUIPO_ID,USUARIO_ID,DEADLINE,SPRINT_ID,FECHA_FINALIZACION) values (192,1,'Our KPI queries and endpoints','completado',3,4,to_timestamp('10/04/25 16:21:20.000000000','DD/MM/RR HH24:MI:SSXFF'),1,104,to_date('23/04/25','DD/MM/RR'),2,to_timestamp('22/04/25 21:15:32.000000000','DD/MM/RR HH24:MI:SSXFF'));
Insert into ADMIN.TAREAS (TAREA_ID,PROYECTO_ID,TITULO,ESTADO,HORAS_ESTIMADAS,HORAS_REALES,FECHA_CREACION,EQUIPO_ID,USUARIO_ID,DEADLINE,SPRINT_ID,FECHA_FINALIZACION) values (279,1,'Assign task to current sprint','completado',1,1,to_timestamp('24/03/25 16:21:20.000000000','DD/MM/RR HH24:MI:SSXFF'),1,102,to_date('03/04/25','DD/MM/RR'),1,to_timestamp('02/04/25 08:15:32.000000000','DD/MM/RR HH24:MI:SSXFF'));
Insert into ADMIN.TAREAS (TAREA_ID,PROYECTO_ID,TITULO,ESTADO,HORAS_ESTIMADAS,HORAS_REALES,FECHA_CREACION,EQUIPO_ID,USUARIO_ID,DEADLINE,SPRINT_ID,FECHA_FINALIZACION) values (280,1,'Complete task with actual time','completado',1,1,to_timestamp('24/03/25 16:21:20.000000000','DD/MM/RR HH24:MI:SSXFF'),1,101,to_date('03/04/25','DD/MM/RR'),1,to_timestamp('02/04/25 08:15:32.000000000','DD/MM/RR HH24:MI:SSXFF'));
Insert into ADMIN.TAREAS (TAREA_ID,PROYECTO_ID,TITULO,ESTADO,HORAS_ESTIMADAS,HORAS_REALES,FECHA_CREACION,EQUIPO_ID,USUARIO_ID,DEADLINE,SPRINT_ID,FECHA_FINALIZACION) values (285,1,'Display task table for current sprint','In progress',1,1,to_timestamp('24/03/25 16:21:20.000000000','DD/MM/RR HH24:MI:SSXFF'),1,100,to_date('30/04/25','DD/MM/RR'),1,null);
Insert into ADMIN.TAREAS (TAREA_ID,PROYECTO_ID,TITULO,ESTADO,HORAS_ESTIMADAS,HORAS_REALES,FECHA_CREACION,EQUIPO_ID,USUARIO_ID,DEADLINE,SPRINT_ID,FECHA_FINALIZACION) values (299,1,'Github Action CICD','completado',4,5,to_timestamp('07/04/25 16:21:20.000000000','DD/MM/RR HH24:MI:SSXFF'),1,101,to_date('24/04/25','DD/MM/RR'),2,to_timestamp('23/04/25 08:15:32.000000000','DD/MM/RR HH24:MI:SSXFF'));
Insert into ADMIN.TAREAS (TAREA_ID,PROYECTO_ID,TITULO,ESTADO,HORAS_ESTIMADAS,HORAS_REALES,FECHA_CREACION,EQUIPO_ID,USUARIO_ID,DEADLINE,SPRINT_ID,FECHA_FINALIZACION) values (190,1,'Task assignation via Telegram','completado',3,3,to_timestamp('07/04/25 15:30:00.000000000','DD/MM/RR HH24:MI:SSXFF'),1,102,to_date('23/04/25','DD/MM/RR'),2,to_timestamp('22/04/25 19:00:31.000000000','DD/MM/RR HH24:MI:SSXFF'));
Insert into ADMIN.TAREAS (TAREA_ID,PROYECTO_ID,TITULO,ESTADO,HORAS_ESTIMADAS,HORAS_REALES,FECHA_CREACION,EQUIPO_ID,USUARIO_ID,DEADLINE,SPRINT_ID,FECHA_FINALIZACION) values (222,1,'KPIS Tests TDD','completado',4,4,to_timestamp('10/04/25 08:00:20.000000000','DD/MM/RR HH24:MI:SSXFF'),1,100,to_date('24/04/25','DD/MM/RR'),2,to_timestamp('21/04/25 15:44:11.000000000','DD/MM/RR HH24:MI:SSXFF'));
Insert into ADMIN.TAREAS (TAREA_ID,PROYECTO_ID,TITULO,ESTADO,HORAS_ESTIMADAS,HORAS_REALES,FECHA_CREACION,EQUIPO_ID,USUARIO_ID,DEADLINE,SPRINT_ID,FECHA_FINALIZACION) values (224,1,'Subtareas Tests TDD','completado',4,4,to_timestamp('10/04/25 08:00:20.000000000','DD/MM/RR HH24:MI:SSXFF'),1,104,to_date('22/04/25','DD/MM/RR'),2,to_timestamp('21/04/25 15:09:18.000000000','DD/MM/RR HH24:MI:SSXFF'));
Insert into ADMIN.TAREAS (TAREA_ID,PROYECTO_ID,TITULO,ESTADO,HORAS_ESTIMADAS,HORAS_REALES,FECHA_CREACION,EQUIPO_ID,USUARIO_ID,DEADLINE,SPRINT_ID,FECHA_FINALIZACION) values (354,1,'Realizar video de demo para Release Version 1','completado',1,2,to_timestamp('24/04/25 19:22:21.302531000','DD/MM/RR HH24:MI:SSXFF'),1,102,null,null,null);
Insert into ADMIN.TAREAS (TAREA_ID,PROYECTO_ID,TITULO,ESTADO,HORAS_ESTIMADAS,HORAS_REALES,FECHA_CREACION,EQUIPO_ID,USUARIO_ID,DEADLINE,SPRINT_ID,FECHA_FINALIZACION) values (287,1,'DB update from Telegram','completado',1,2,to_timestamp('24/03/25 16:21:20.000000000','DD/MM/RR HH24:MI:SSXFF'),1,101,to_date('03/04/25','DD/MM/RR'),1,to_timestamp('02/04/25 08:15:32.000000000','DD/MM/RR HH24:MI:SSXFF'));
Insert into ADMIN.TAREAS (TAREA_ID,PROYECTO_ID,TITULO,ESTADO,HORAS_ESTIMADAS,HORAS_REALES,FECHA_CREACION,EQUIPO_ID,USUARIO_ID,DEADLINE,SPRINT_ID,FECHA_FINALIZACION) values (288,1,'Design API tests for TDD','completado',4,4,to_timestamp('24/03/25 16:21:20.000000000','DD/MM/RR HH24:MI:SSXFF'),1,104,to_date('03/04/25','DD/MM/RR'),1,to_timestamp('02/04/25 08:15:32.000000000','DD/MM/RR HH24:MI:SSXFF'));
Insert into ADMIN.TAREAS (TAREA_ID,PROYECTO_ID,TITULO,ESTADO,HORAS_ESTIMADAS,HORAS_REALES,FECHA_CREACION,EQUIPO_ID,USUARIO_ID,DEADLINE,SPRINT_ID,FECHA_FINALIZACION) values (290,1,'Public IP available','completado',3,3,to_timestamp('24/03/25 16:21:20.000000000','DD/MM/RR HH24:MI:SSXFF'),1,100,to_date('03/04/25','DD/MM/RR'),1,to_timestamp('02/04/25 08:15:32.000000000','DD/MM/RR HH24:MI:SSXFF'));
Insert into ADMIN.TAREAS (TAREA_ID,PROYECTO_ID,TITULO,ESTADO,HORAS_ESTIMADAS,HORAS_REALES,FECHA_CREACION,EQUIPO_ID,USUARIO_ID,DEADLINE,SPRINT_ID,FECHA_FINALIZACION) values (291,1,'Display status of Kubernetes cluster nodes','completado',1,1,to_timestamp('24/03/25 16:21:20.000000000','DD/MM/RR HH24:MI:SSXFF'),1,100,to_date('03/04/25','DD/MM/RR'),1,to_timestamp('02/04/25 08:15:32.000000000','DD/MM/RR HH24:MI:SSXFF'));
Insert into ADMIN.TAREAS (TAREA_ID,PROYECTO_ID,TITULO,ESTADO,HORAS_ESTIMADAS,HORAS_REALES,FECHA_CREACION,EQUIPO_ID,USUARIO_ID,DEADLINE,SPRINT_ID,FECHA_FINALIZACION) values (292,1,'Fix database deletion','completado',1,1,to_timestamp('24/03/25 16:21:20.000000000','DD/MM/RR HH24:MI:SSXFF'),1,104,to_date('03/04/25','DD/MM/RR'),1,to_timestamp('02/04/25 08:15:32.000000000','DD/MM/RR HH24:MI:SSXFF'));
Insert into ADMIN.TAREAS (TAREA_ID,PROYECTO_ID,TITULO,ESTADO,HORAS_ESTIMADAS,HORAS_REALES,FECHA_CREACION,EQUIPO_ID,USUARIO_ID,DEADLINE,SPRINT_ID,FECHA_FINALIZACION) values (193,1,'Update Story Points Priority','completado',1,1,to_timestamp('17/04/25 16:21:20.000000000','DD/MM/RR HH24:MI:SSXFF'),1,104,to_date('30/04/25','DD/MM/RR'),2,to_timestamp('22/04/25 08:15:32.000000000','DD/MM/RR HH24:MI:SSXFF'));
Insert into ADMIN.TAREAS (TAREA_ID,PROYECTO_ID,TITULO,ESTADO,HORAS_ESTIMADAS,HORAS_REALES,FECHA_CREACION,EQUIPO_ID,USUARIO_ID,DEADLINE,SPRINT_ID,FECHA_FINALIZACION) values (226,1,'Tareas TDD Necesary Endpoints','completado',2,3,to_timestamp('23/04/25 08:00:20.000000000','DD/MM/RR HH24:MI:SSXFF'),1,101,to_date('23/04/25','DD/MM/RR'),2,to_timestamp('23/04/25 22:31:18.000000000','DD/MM/RR HH24:MI:SSXFF'));
Insert into ADMIN.TAREAS (TAREA_ID,PROYECTO_ID,TITULO,ESTADO,HORAS_ESTIMADAS,HORAS_REALES,FECHA_CREACION,EQUIPO_ID,USUARIO_ID,DEADLINE,SPRINT_ID,FECHA_FINALIZACION) values (230,1,'Chatbot TDD Necesary Endpoints','completado',3,3,to_timestamp('21/04/25 08:00:10.000000000','DD/MM/RR HH24:MI:SSXFF'),1,102,to_date('23/04/25','DD/MM/RR'),2,to_timestamp('22/04/25 18:00:56.000000000','DD/MM/RR HH24:MI:SSXFF'));
Insert into ADMIN.TAREAS (TAREA_ID,PROYECTO_ID,TITULO,ESTADO,HORAS_ESTIMADAS,HORAS_REALES,FECHA_CREACION,EQUIPO_ID,USUARIO_ID,DEADLINE,SPRINT_ID,FECHA_FINALIZACION) values (306,1,'Github Repository Restructure','completado',2,2,to_timestamp('25/03/25 16:21:20.000000000','DD/MM/RR HH24:MI:SSXFF'),1,103,to_date('05/04/25','DD/MM/RR'),1,to_timestamp('04/04/25 08:15:32.000000000','DD/MM/RR HH24:MI:SSXFF'));
REM INSERTING into ADMIN.SUB_TAREAS
SET DEFINE OFF;
REM INSERTING into ADMIN.USUARIOS
SET DEFINE OFF;
Insert into ADMIN.USUARIOS (USUARIO_ID,NOMBRE,EMAIL,ROL,EQUIPO_ID,TELEGRAM_CHAT_ID) values (104,'Miguel Angel Barrientos Ballesteros','A01637150@tec.mx','manager',1,'100005');
Insert into ADMIN.USUARIOS (USUARIO_ID,NOMBRE,EMAIL,ROL,EQUIPO_ID,TELEGRAM_CHAT_ID) values (101,'José María Soto Valenzuela','A01254831@tec.mx','manager',1,'100002');
Insert into ADMIN.USUARIOS (USUARIO_ID,NOMBRE,EMAIL,ROL,EQUIPO_ID,TELEGRAM_CHAT_ID) values (103,'Fernanda Díaz Gutiérrez','A01639572@tec.mx','developer',1,'100004');
Insert into ADMIN.USUARIOS (USUARIO_ID,NOMBRE,EMAIL,ROL,EQUIPO_ID,TELEGRAM_CHAT_ID) values (102,'Cesar Alan Silva Ramos','A01252916@tec.mx','developer',1,'100003');
Insert into ADMIN.USUARIOS (USUARIO_ID,NOMBRE,EMAIL,ROL,EQUIPO_ID,TELEGRAM_CHAT_ID) values (100,'Diego Iván Morales Gallardo','A01643382@tec.mx','developer',1,'100001');
--------------------------------------------------------
--  DDL for Index SYS_C0045126
--------------------------------------------------------

  CREATE UNIQUE INDEX "ADMIN"."SYS_C0045126" ON "ADMIN"."EQUIPOS" ("EQUIPO_ID") 
  PCTFREE 10 INITRANS 20 MAXTRANS 255 COMPUTE STATISTICS 
  STORAGE(INITIAL 65536 NEXT 1048576 MINEXTENTS 1 MAXEXTENTS 2147483645
  PCTINCREASE 0 FREELISTS 1 FREELIST GROUPS 1
  BUFFER_POOL DEFAULT FLASH_CACHE DEFAULT CELL_FLASH_CACHE DEFAULT)
  TABLESPACE "DATA" ;
--------------------------------------------------------
--  DDL for Index SYS_C0045138
--------------------------------------------------------

  CREATE UNIQUE INDEX "ADMIN"."SYS_C0045138" ON "ADMIN"."KPIS" ("KPI_ID") 
  PCTFREE 10 INITRANS 20 MAXTRANS 255 COMPUTE STATISTICS 
  TABLESPACE "DATA" ;
--------------------------------------------------------
--  DDL for Index SYS_C0045129
--------------------------------------------------------

  CREATE UNIQUE INDEX "ADMIN"."SYS_C0045129" ON "ADMIN"."PROYECTOS" ("PROYECTO_ID") 
  PCTFREE 10 INITRANS 20 MAXTRANS 255 COMPUTE STATISTICS 
  STORAGE(INITIAL 65536 NEXT 1048576 MINEXTENTS 1 MAXEXTENTS 2147483645
  PCTINCREASE 0 FREELISTS 1 FREELIST GROUPS 1
  BUFFER_POOL DEFAULT FLASH_CACHE DEFAULT CELL_FLASH_CACHE DEFAULT)
  TABLESPACE "DATA" ;
--------------------------------------------------------
--  DDL for Index SYS_C0045131
--------------------------------------------------------

  CREATE UNIQUE INDEX "ADMIN"."SYS_C0045131" ON "ADMIN"."SPRINTS" ("SPRINT_ID") 
  PCTFREE 10 INITRANS 20 MAXTRANS 255 COMPUTE STATISTICS 
  STORAGE(INITIAL 65536 NEXT 1048576 MINEXTENTS 1 MAXEXTENTS 2147483645
  PCTINCREASE 0 FREELISTS 1 FREELIST GROUPS 1
  BUFFER_POOL DEFAULT FLASH_CACHE DEFAULT CELL_FLASH_CACHE DEFAULT)
  TABLESPACE "DATA" ;
--------------------------------------------------------
--  DDL for Index SYS_C0045133
--------------------------------------------------------

  CREATE UNIQUE INDEX "ADMIN"."SYS_C0045133" ON "ADMIN"."TAREAS" ("TAREA_ID") 
  PCTFREE 10 INITRANS 20 MAXTRANS 255 COMPUTE STATISTICS 
  STORAGE(INITIAL 65536 NEXT 1048576 MINEXTENTS 1 MAXEXTENTS 2147483645
  PCTINCREASE 0 FREELISTS 1 FREELIST GROUPS 1
  BUFFER_POOL DEFAULT FLASH_CACHE DEFAULT CELL_FLASH_CACHE DEFAULT)
  TABLESPACE "DATA" ;
--------------------------------------------------------
--  DDL for Index SYS_C0045188
--------------------------------------------------------

  CREATE UNIQUE INDEX "ADMIN"."SYS_C0045188" ON "ADMIN"."SUB_TAREAS" ("SUB_TAREA_ID") 
  PCTFREE 10 INITRANS 20 MAXTRANS 255 COMPUTE STATISTICS 
  STORAGE(INITIAL 65536 NEXT 1048576 MINEXTENTS 1 MAXEXTENTS 2147483645
  PCTINCREASE 0 FREELISTS 1 FREELIST GROUPS 1
  BUFFER_POOL DEFAULT FLASH_CACHE DEFAULT CELL_FLASH_CACHE DEFAULT)
  TABLESPACE "DATA" ;
--------------------------------------------------------
--  DDL for Index SYS_C0045127
--------------------------------------------------------

  CREATE UNIQUE INDEX "ADMIN"."SYS_C0045127" ON "ADMIN"."USUARIOS" ("USUARIO_ID") 
  PCTFREE 10 INITRANS 20 MAXTRANS 255 COMPUTE STATISTICS 
  STORAGE(INITIAL 65536 NEXT 1048576 MINEXTENTS 1 MAXEXTENTS 2147483645
  PCTINCREASE 0 FREELISTS 1 FREELIST GROUPS 1
  BUFFER_POOL DEFAULT FLASH_CACHE DEFAULT CELL_FLASH_CACHE DEFAULT)
  TABLESPACE "DATA" ;
--------------------------------------------------------
--  DDL for Trigger BI_TAREAS
--------------------------------------------------------

  CREATE OR REPLACE EDITIONABLE TRIGGER "ADMIN"."BI_TAREAS" 
BEFORE INSERT ON ADMIN.TAREAS
FOR EACH ROW
BEGIN
  IF :NEW.TAREA_ID IS NULL THEN
    SELECT SEQ_TAREAS.NEXTVAL INTO :NEW.TAREA_ID FROM dual;
  END IF;
END;

/
ALTER TRIGGER "ADMIN"."BI_TAREAS" ENABLE;
--------------------------------------------------------
--  Constraints for Table EQUIPOS
--------------------------------------------------------

  ALTER TABLE "ADMIN"."EQUIPOS" ADD PRIMARY KEY ("EQUIPO_ID")
  USING INDEX PCTFREE 10 INITRANS 20 MAXTRANS 255 COMPUTE STATISTICS 
  STORAGE(INITIAL 65536 NEXT 1048576 MINEXTENTS 1 MAXEXTENTS 2147483645
  PCTINCREASE 0 FREELISTS 1 FREELIST GROUPS 1
  BUFFER_POOL DEFAULT FLASH_CACHE DEFAULT CELL_FLASH_CACHE DEFAULT)
  TABLESPACE "DATA"  ENABLE;
--------------------------------------------------------
--  Constraints for Table KPIS
--------------------------------------------------------

  ALTER TABLE "ADMIN"."KPIS" ADD PRIMARY KEY ("KPI_ID")
  USING INDEX PCTFREE 10 INITRANS 20 MAXTRANS 255 COMPUTE STATISTICS 
  TABLESPACE "DATA"  ENABLE;
--------------------------------------------------------
--  Constraints for Table PROYECTOS
--------------------------------------------------------

  ALTER TABLE "ADMIN"."PROYECTOS" ADD PRIMARY KEY ("PROYECTO_ID")
  USING INDEX PCTFREE 10 INITRANS 20 MAXTRANS 255 COMPUTE STATISTICS 
  STORAGE(INITIAL 65536 NEXT 1048576 MINEXTENTS 1 MAXEXTENTS 2147483645
  PCTINCREASE 0 FREELISTS 1 FREELIST GROUPS 1
  BUFFER_POOL DEFAULT FLASH_CACHE DEFAULT CELL_FLASH_CACHE DEFAULT)
  TABLESPACE "DATA"  ENABLE;
--------------------------------------------------------
--  Constraints for Table SPRINTS
--------------------------------------------------------

  ALTER TABLE "ADMIN"."SPRINTS" ADD PRIMARY KEY ("SPRINT_ID")
  USING INDEX PCTFREE 10 INITRANS 20 MAXTRANS 255 COMPUTE STATISTICS 
  STORAGE(INITIAL 65536 NEXT 1048576 MINEXTENTS 1 MAXEXTENTS 2147483645
  PCTINCREASE 0 FREELISTS 1 FREELIST GROUPS 1
  BUFFER_POOL DEFAULT FLASH_CACHE DEFAULT CELL_FLASH_CACHE DEFAULT)
  TABLESPACE "DATA"  ENABLE;
--------------------------------------------------------
--  Constraints for Table TAREAS
--------------------------------------------------------

  ALTER TABLE "ADMIN"."TAREAS" ADD PRIMARY KEY ("TAREA_ID")
  USING INDEX PCTFREE 10 INITRANS 20 MAXTRANS 255 COMPUTE STATISTICS 
  STORAGE(INITIAL 65536 NEXT 1048576 MINEXTENTS 1 MAXEXTENTS 2147483645
  PCTINCREASE 0 FREELISTS 1 FREELIST GROUPS 1
  BUFFER_POOL DEFAULT FLASH_CACHE DEFAULT CELL_FLASH_CACHE DEFAULT)
  TABLESPACE "DATA"  ENABLE;
--------------------------------------------------------
--  Constraints for Table SUB_TAREAS
--------------------------------------------------------

  ALTER TABLE "ADMIN"."SUB_TAREAS" MODIFY ("SUB_TAREA_ID" NOT NULL ENABLE);
  ALTER TABLE "ADMIN"."SUB_TAREAS" MODIFY ("TAREA_ID" NOT NULL ENABLE);
  ALTER TABLE "ADMIN"."SUB_TAREAS" ADD PRIMARY KEY ("SUB_TAREA_ID")
  USING INDEX PCTFREE 10 INITRANS 20 MAXTRANS 255 COMPUTE STATISTICS 
  STORAGE(INITIAL 65536 NEXT 1048576 MINEXTENTS 1 MAXEXTENTS 2147483645
  PCTINCREASE 0 FREELISTS 1 FREELIST GROUPS 1
  BUFFER_POOL DEFAULT FLASH_CACHE DEFAULT CELL_FLASH_CACHE DEFAULT)
  TABLESPACE "DATA"  ENABLE;
--------------------------------------------------------
--  Constraints for Table USUARIOS
--------------------------------------------------------

  ALTER TABLE "ADMIN"."USUARIOS" ADD PRIMARY KEY ("USUARIO_ID")
  USING INDEX PCTFREE 10 INITRANS 20 MAXTRANS 255 COMPUTE STATISTICS 
  STORAGE(INITIAL 65536 NEXT 1048576 MINEXTENTS 1 MAXEXTENTS 2147483645
  PCTINCREASE 0 FREELISTS 1 FREELIST GROUPS 1
  BUFFER_POOL DEFAULT FLASH_CACHE DEFAULT CELL_FLASH_CACHE DEFAULT)
  TABLESPACE "DATA"  ENABLE;
--------------------------------------------------------
--  Ref Constraints for Table KPIS
--------------------------------------------------------

  ALTER TABLE "ADMIN"."KPIS" ADD CONSTRAINT "FK_KPI_USUARIO" FOREIGN KEY ("USUARIO_ID")
	  REFERENCES "ADMIN"."USUARIOS" ("USUARIO_ID") ENABLE;
--------------------------------------------------------
--  Ref Constraints for Table PROYECTOS
--------------------------------------------------------

  ALTER TABLE "ADMIN"."PROYECTOS" ADD CONSTRAINT "FK_PROYECTO_EQUIPO" FOREIGN KEY ("EQUIPO_ID")
	  REFERENCES "ADMIN"."EQUIPOS" ("EQUIPO_ID") ENABLE;
--------------------------------------------------------
--  Ref Constraints for Table SPRINTS
--------------------------------------------------------

  ALTER TABLE "ADMIN"."SPRINTS" ADD CONSTRAINT "FK_SPRINT_PROYECTO" FOREIGN KEY ("PROYECTO_ID")
	  REFERENCES "ADMIN"."PROYECTOS" ("PROYECTO_ID") ENABLE;
--------------------------------------------------------
--  Ref Constraints for Table TAREAS
--------------------------------------------------------

  ALTER TABLE "ADMIN"."TAREAS" ADD CONSTRAINT "FK_TAREA_USUARIO" FOREIGN KEY ("USUARIO_ID")
	  REFERENCES "ADMIN"."USUARIOS" ("USUARIO_ID") ENABLE;
  ALTER TABLE "ADMIN"."TAREAS" ADD CONSTRAINT "FK_TAREA_PROYECTO" FOREIGN KEY ("PROYECTO_ID")
	  REFERENCES "ADMIN"."PROYECTOS" ("PROYECTO_ID") ENABLE;
--------------------------------------------------------
--  Ref Constraints for Table SUB_TAREAS
--------------------------------------------------------

  ALTER TABLE "ADMIN"."SUB_TAREAS" ADD CONSTRAINT "FK_TAREA_SUBTAREA" FOREIGN KEY ("TAREA_ID")
	  REFERENCES "ADMIN"."TAREAS" ("TAREA_ID") ENABLE;
--------------------------------------------------------
--  Ref Constraints for Table USUARIOS
--------------------------------------------------------

  ALTER TABLE "ADMIN"."USUARIOS" ADD CONSTRAINT "FK_USUARIO_EQUIPO" FOREIGN KEY ("EQUIPO_ID")
	  REFERENCES "ADMIN"."EQUIPOS" ("EQUIPO_ID") ENABLE;
