--------------------------------------------------------
--  File created - Monday-April-28-2025   
--------------------------------------------------------
--------------------------------------------------------
--  DDL for Table EQUIPOS
--------------------------------------------------------

  CREATE TABLE "EQUIPOS" ("EQUIPO_ID" NUMBER, "NOMBRE_EQUIPO" VARCHAR2(100), "DESCRIPCION" CLOB);
--------------------------------------------------------
--  DDL for Table KPIS
--------------------------------------------------------

  CREATE TABLE "KPIS" ("KPI_ID" NUMBER, "USUARIO_ID" NUMBER, "NOMBRE_KPI" VARCHAR2(100), "DESCRIPCION" CLOB, "VALOR_ACTUAL" NUMBER(10,2), "META" NUMBER(10,2), "FECHA_REGISTRO" TIMESTAMP (6));
--------------------------------------------------------
--  DDL for Table PROYECTOS
--------------------------------------------------------

  CREATE TABLE "PROYECTOS" ("PROYECTO_ID" NUMBER, "NOMBRE" VARCHAR2(100), "DESCRIPCION" CLOB, "EQUIPO_ID" NUMBER, "FECHA_INICIO" DATE, "FECHA_FIN" DATE);
--------------------------------------------------------
--  DDL for Table SPRINTS
--------------------------------------------------------

  CREATE TABLE "SPRINTS" ("SPRINT_ID" NUMBER, "PROYECTO_ID" NUMBER, "NOMBRE" VARCHAR2(100), "FECHA_INICIO" DATE, "FECHA_FIN" DATE, "ESTADO" VARCHAR2(20));
--------------------------------------------------------
--  DDL for Table SUB_TAREAS
--------------------------------------------------------

  CREATE TABLE "SUB_TAREAS" ("SUB_TAREA_ID" NUMBER GENERATED ALWAYS AS IDENTITY MINVALUE 1 MAXVALUE 9999999999999999999999999999 INCREMENT BY 1 START WITH 1 CACHE 20 NOORDER  NOCYCLE  NOKEEP  NOSCALE , "TAREA_ID" NUMBER, "TITULO" VARCHAR2(255), "DESCRIPCION" VARCHAR2(1000), "ESTADO" VARCHAR2(50), "HORAS_ESTIMADAS" NUMBER, "HORAS_REALES" NUMBER, "FECHA_CREACION" TIMESTAMP (6), "DEADLINE" TIMESTAMP (6));
--------------------------------------------------------
--  DDL for Table TAREAS
--------------------------------------------------------

  CREATE TABLE "TAREAS" ("TAREA_ID" NUMBER, "PROYECTO_ID" NUMBER, "TITULO" VARCHAR2(100), "DESCRIPCION" CLOB, "ESTADO" VARCHAR2(20), "HORAS_ESTIMADAS" NUMBER(5,2), "HORAS_REALES" NUMBER(5,2), "FECHA_CREACION" TIMESTAMP (6), "EQUIPO_ID" NUMBER, "USUARIO_ID" NUMBER, "DEADLINE" DATE, "SPRINT_ID" NUMBER, "FECHA_FINALIZACION" TIMESTAMP (6));
--------------------------------------------------------
--  DDL for Table USUARIOS
--------------------------------------------------------

  CREATE TABLE "USUARIOS" ("USUARIO_ID" NUMBER, "NOMBRE" VARCHAR2(100), "EMAIL" VARCHAR2(100), "ROL" VARCHAR2(50), "EQUIPO_ID" NUMBER, "TELEGRAM_CHAT_ID" VARCHAR2(100));
Insert into EQUIPOS (EQUIPO_ID,NOMBRE_EQUIPO) values (1,'Team Rocket');
Insert into PROYECTOS (PROYECTO_ID,NOMBRE,EQUIPO_ID,FECHA_INICIO,FECHA_FIN) values (1,'Toodo Task Manager',1,to_date('01-APR-25','DD-MON-RR'),to_date('30-JUN-25','DD-MON-RR'));
Insert into PROYECTOS (PROYECTO_ID,NOMBRE,EQUIPO_ID,FECHA_INICIO,FECHA_FIN) values (2,'Toodo Task Manager',1,to_date('01-APR-25','DD-MON-RR'),to_date('30-JUN-25','DD-MON-RR'));
Insert into PROYECTOS (PROYECTO_ID,NOMBRE,EQUIPO_ID,FECHA_INICIO,FECHA_FIN) values (3,'Toodo Task Manager',1,to_date('01-APR-25','DD-MON-RR'),to_date('30-JUN-25','DD-MON-RR'));
Insert into SPRINTS (SPRINT_ID,PROYECTO_ID,NOMBRE,FECHA_INICIO,FECHA_FIN,ESTADO) values (1,1,'Sprint 1',to_date('22-APR-25','DD-MON-RR'),to_date('06-MAY-25','DD-MON-RR'),'Activo');
Insert into SPRINTS (SPRINT_ID,PROYECTO_ID,NOMBRE,FECHA_INICIO,FECHA_FIN,ESTADO) values (2,1,'Sprint 2',to_date('24-MAR-25','DD-MON-RR'),to_date('04-APR-25','DD-MON-RR'),'Activo');
Insert into TAREAS (TAREA_ID,PROYECTO_ID,TITULO,ESTADO,HORAS_ESTIMADAS,HORAS_REALES,FECHA_CREACION,EQUIPO_ID,USUARIO_ID,DEADLINE,SPRINT_ID,FECHA_FINALIZACION) values (268,1,'Data Model Validation','completado',1,1,to_timestamp('24-MAR-25 04.21.20.000000000 PM','DD-MON-RR HH.MI.SSXFF AM'),1,103,to_date('03-APR-25','DD-MON-RR'),1,to_timestamp('02-APR-25 08.15.32.000000000 AM','DD-MON-RR HH.MI.SSXFF AM'));
Insert into TAREAS (TAREA_ID,PROYECTO_ID,TITULO,ESTADO,HORAS_ESTIMADAS,HORAS_REALES,FECHA_CREACION,EQUIPO_ID,USUARIO_ID,DEADLINE,SPRINT_ID,FECHA_FINALIZACION) values (270,1,'Acceptance Criteria Story Map Update','completado',2,1,to_timestamp('24-MAR-25 04.21.20.000000000 PM','DD-MON-RR HH.MI.SSXFF AM'),1,104,to_date('03-APR-25','DD-MON-RR'),1,to_timestamp('02-APR-25 08.15.32.000000000 AM','DD-MON-RR HH.MI.SSXFF AM'));
Insert into TAREAS (TAREA_ID,PROYECTO_ID,TITULO,ESTADO,HORAS_ESTIMADAS,HORAS_REALES,FECHA_CREACION,EQUIPO_ID,USUARIO_ID,DEADLINE,SPRINT_ID,FECHA_FINALIZACION) values (276,1,'User ID connection with Telegram','completado',2,2,to_timestamp('24-MAR-25 04.21.20.000000000 PM','DD-MON-RR HH.MI.SSXFF AM'),1,102,to_date('03-APR-25','DD-MON-RR'),1,to_timestamp('02-APR-25 08.15.32.000000000 AM','DD-MON-RR HH.MI.SSXFF AM'));
Insert into TAREAS (TAREA_ID,PROYECTO_ID,TITULO,ESTADO,HORAS_ESTIMADAS,HORAS_REALES,FECHA_CREACION,EQUIPO_ID,USUARIO_ID,DEADLINE,SPRINT_ID,FECHA_FINALIZACION) values (277,1,'UML sequence flow diagram','completado',2,2,to_timestamp('24-MAR-25 04.21.20.000000000 PM','DD-MON-RR HH.MI.SSXFF AM'),1,101,to_date('03-APR-25','DD-MON-RR'),1,to_timestamp('02-APR-25 08.15.32.000000000 AM','DD-MON-RR HH.MI.SSXFF AM'));
Insert into TAREAS (TAREA_ID,PROYECTO_ID,TITULO,ESTADO,HORAS_ESTIMADAS,HORAS_REALES,FECHA_CREACION,EQUIPO_ID,USUARIO_ID,DEADLINE,SPRINT_ID,FECHA_FINALIZACION) values (278,1,'Add task as a developer with estimated time','completado',1,2,to_timestamp('24-MAR-25 04.21.20.000000000 PM','DD-MON-RR HH.MI.SSXFF AM'),1,102,to_date('03-APR-25','DD-MON-RR'),1,to_timestamp('02-APR-25 08.15.32.000000000 AM','DD-MON-RR HH.MI.SSXFF AM'));
Insert into TAREAS (TAREA_ID,PROYECTO_ID,TITULO,ESTADO,HORAS_ESTIMADAS,HORAS_REALES,FECHA_CREACION,EQUIPO_ID,USUARIO_ID,DEADLINE,SPRINT_ID,FECHA_FINALIZACION) values (181,1,'KPIS Tests ','completado',1,2,to_timestamp('24-APR-25 03.10.30.421000000 AM','DD-MON-RR HH.MI.SSXFF AM'),1,100,null,2,to_timestamp('24-APR-25 08.15.32.000000000 AM','DD-MON-RR HH.MI.SSXFF AM'));
Insert into TAREAS (TAREA_ID,PROYECTO_ID,TITULO,ESTADO,HORAS_ESTIMADAS,HORAS_REALES,FECHA_CREACION,EQUIPO_ID,USUARIO_ID,DEADLINE,SPRINT_ID,FECHA_FINALIZACION) values (186,1,'Render each users KPI','completado',4,4,to_timestamp('07-APR-25 03.30.00.000000000 PM','DD-MON-RR HH.MI.SSXFF AM'),1,103,to_date('24-APR-25','DD-MON-RR'),2,to_timestamp('23-APR-25 06.22.31.000000000 PM','DD-MON-RR HH.MI.SSXFF AM'));
Insert into TAREAS (TAREA_ID,PROYECTO_ID,TITULO,ESTADO,HORAS_ESTIMADAS,HORAS_REALES,FECHA_CREACION,EQUIPO_ID,USUARIO_ID,DEADLINE,SPRINT_ID,FECHA_FINALIZACION) values (188,1,'Tasks assignation functionality','completado',4,3,to_timestamp('07-APR-25 03.30.00.000000000 PM','DD-MON-RR HH.MI.SSXFF AM'),1,102,to_date('22-APR-25','DD-MON-RR'),2,to_timestamp('20-APR-25 10.33.39.000000000 AM','DD-MON-RR HH.MI.SSXFF AM'));
Insert into TAREAS (TAREA_ID,PROYECTO_ID,TITULO,ESTADO,HORAS_ESTIMADAS,HORAS_REALES,FECHA_CREACION,EQUIPO_ID,USUARIO_ID,DEADLINE,SPRINT_ID,FECHA_FINALIZACION) values (191,1,'Oswaldos KPI queries and endpoints','completado',3,3,to_timestamp('10-APR-25 03.30.00.000000000 PM','DD-MON-RR HH.MI.SSXFF AM'),1,103,to_date('23-APR-25','DD-MON-RR'),2,to_timestamp('22-APR-25 09.10.44.000000000 PM','DD-MON-RR HH.MI.SSXFF AM'));
Insert into TAREAS (TAREA_ID,PROYECTO_ID,TITULO,ESTADO,HORAS_ESTIMADAS,HORAS_REALES,FECHA_CREACION,EQUIPO_ID,USUARIO_ID,DEADLINE,SPRINT_ID,FECHA_FINALIZACION) values (192,1,'Our KPI queries and endpoints','completado',3,4,to_timestamp('10-APR-25 04.21.20.000000000 PM','DD-MON-RR HH.MI.SSXFF AM'),1,104,to_date('23-APR-25','DD-MON-RR'),2,to_timestamp('22-APR-25 09.15.32.000000000 PM','DD-MON-RR HH.MI.SSXFF AM'));
Insert into TAREAS (TAREA_ID,PROYECTO_ID,TITULO,ESTADO,HORAS_ESTIMADAS,HORAS_REALES,FECHA_CREACION,EQUIPO_ID,USUARIO_ID,DEADLINE,SPRINT_ID,FECHA_FINALIZACION) values (279,1,'Assign task to current sprint','completado',1,1,to_timestamp('24-MAR-25 04.21.20.000000000 PM','DD-MON-RR HH.MI.SSXFF AM'),1,102,to_date('03-APR-25','DD-MON-RR'),1,to_timestamp('02-APR-25 08.15.32.000000000 AM','DD-MON-RR HH.MI.SSXFF AM'));
Insert into TAREAS (TAREA_ID,PROYECTO_ID,TITULO,ESTADO,HORAS_ESTIMADAS,HORAS_REALES,FECHA_CREACION,EQUIPO_ID,USUARIO_ID,DEADLINE,SPRINT_ID,FECHA_FINALIZACION) values (280,1,'Complete task with actual time','completado',1,1,to_timestamp('24-MAR-25 04.21.20.000000000 PM','DD-MON-RR HH.MI.SSXFF AM'),1,101,to_date('03-APR-25','DD-MON-RR'),1,to_timestamp('02-APR-25 08.15.32.000000000 AM','DD-MON-RR HH.MI.SSXFF AM'));
Insert into TAREAS (TAREA_ID,PROYECTO_ID,TITULO,ESTADO,HORAS_ESTIMADAS,HORAS_REALES,FECHA_CREACION,EQUIPO_ID,USUARIO_ID,DEADLINE,SPRINT_ID,FECHA_FINALIZACION) values (285,1,'Display task table for current sprint','In progress',1,1,to_timestamp('24-MAR-25 04.21.20.000000000 PM','DD-MON-RR HH.MI.SSXFF AM'),1,100,to_date('30-APR-25','DD-MON-RR'),1,null);
Insert into TAREAS (TAREA_ID,PROYECTO_ID,TITULO,ESTADO,HORAS_ESTIMADAS,HORAS_REALES,FECHA_CREACION,EQUIPO_ID,USUARIO_ID,DEADLINE,SPRINT_ID,FECHA_FINALIZACION) values (299,1,'Github Action CICD','completado',4,5,to_timestamp('07-APR-25 04.21.20.000000000 PM','DD-MON-RR HH.MI.SSXFF AM'),1,101,to_date('24-APR-25','DD-MON-RR'),2,to_timestamp('23-APR-25 08.15.32.000000000 AM','DD-MON-RR HH.MI.SSXFF AM'));
Insert into TAREAS (TAREA_ID,PROYECTO_ID,TITULO,ESTADO,HORAS_ESTIMADAS,HORAS_REALES,FECHA_CREACION,EQUIPO_ID,USUARIO_ID,DEADLINE,SPRINT_ID,FECHA_FINALIZACION) values (190,1,'Task assignation via Telegram','completado',3,3,to_timestamp('07-APR-25 03.30.00.000000000 PM','DD-MON-RR HH.MI.SSXFF AM'),1,102,to_date('23-APR-25','DD-MON-RR'),2,to_timestamp('22-APR-25 07.00.31.000000000 PM','DD-MON-RR HH.MI.SSXFF AM'));
Insert into TAREAS (TAREA_ID,PROYECTO_ID,TITULO,ESTADO,HORAS_ESTIMADAS,HORAS_REALES,FECHA_CREACION,EQUIPO_ID,USUARIO_ID,DEADLINE,SPRINT_ID,FECHA_FINALIZACION) values (222,1,'KPIS Tests TDD','completado',4,4,to_timestamp('10-APR-25 08.00.20.000000000 AM','DD-MON-RR HH.MI.SSXFF AM'),1,100,to_date('24-APR-25','DD-MON-RR'),2,to_timestamp('21-APR-25 03.44.11.000000000 PM','DD-MON-RR HH.MI.SSXFF AM'));
Insert into TAREAS (TAREA_ID,PROYECTO_ID,TITULO,ESTADO,HORAS_ESTIMADAS,HORAS_REALES,FECHA_CREACION,EQUIPO_ID,USUARIO_ID,DEADLINE,SPRINT_ID,FECHA_FINALIZACION) values (224,1,'Subtareas Tests TDD','completado',4,4,to_timestamp('10-APR-25 08.00.20.000000000 AM','DD-MON-RR HH.MI.SSXFF AM'),1,104,to_date('22-APR-25','DD-MON-RR'),2,to_timestamp('21-APR-25 03.09.18.000000000 PM','DD-MON-RR HH.MI.SSXFF AM'));
Insert into TAREAS (TAREA_ID,PROYECTO_ID,TITULO,ESTADO,HORAS_ESTIMADAS,HORAS_REALES,FECHA_CREACION,EQUIPO_ID,USUARIO_ID,DEADLINE,SPRINT_ID,FECHA_FINALIZACION) values (354,1,'Realizar video de demo para Release Version 1','completado',1,2,to_timestamp('24-APR-25 07.22.21.302531000 PM','DD-MON-RR HH.MI.SSXFF AM'),1,102,null,null,null);
Insert into TAREAS (TAREA_ID,PROYECTO_ID,TITULO,ESTADO,HORAS_ESTIMADAS,HORAS_REALES,FECHA_CREACION,EQUIPO_ID,USUARIO_ID,DEADLINE,SPRINT_ID,FECHA_FINALIZACION) values (287,1,'DB update from Telegram','completado',1,2,to_timestamp('24-MAR-25 04.21.20.000000000 PM','DD-MON-RR HH.MI.SSXFF AM'),1,101,to_date('03-APR-25','DD-MON-RR'),1,to_timestamp('02-APR-25 08.15.32.000000000 AM','DD-MON-RR HH.MI.SSXFF AM'));
Insert into TAREAS (TAREA_ID,PROYECTO_ID,TITULO,ESTADO,HORAS_ESTIMADAS,HORAS_REALES,FECHA_CREACION,EQUIPO_ID,USUARIO_ID,DEADLINE,SPRINT_ID,FECHA_FINALIZACION) values (288,1,'Design API tests for TDD','completado',4,4,to_timestamp('24-MAR-25 04.21.20.000000000 PM','DD-MON-RR HH.MI.SSXFF AM'),1,104,to_date('03-APR-25','DD-MON-RR'),1,to_timestamp('02-APR-25 08.15.32.000000000 AM','DD-MON-RR HH.MI.SSXFF AM'));
Insert into TAREAS (TAREA_ID,PROYECTO_ID,TITULO,ESTADO,HORAS_ESTIMADAS,HORAS_REALES,FECHA_CREACION,EQUIPO_ID,USUARIO_ID,DEADLINE,SPRINT_ID,FECHA_FINALIZACION) values (290,1,'Public IP available','completado',3,3,to_timestamp('24-MAR-25 04.21.20.000000000 PM','DD-MON-RR HH.MI.SSXFF AM'),1,100,to_date('03-APR-25','DD-MON-RR'),1,to_timestamp('02-APR-25 08.15.32.000000000 AM','DD-MON-RR HH.MI.SSXFF AM'));
Insert into TAREAS (TAREA_ID,PROYECTO_ID,TITULO,ESTADO,HORAS_ESTIMADAS,HORAS_REALES,FECHA_CREACION,EQUIPO_ID,USUARIO_ID,DEADLINE,SPRINT_ID,FECHA_FINALIZACION) values (291,1,'Display status of Kubernetes cluster nodes','completado',1,1,to_timestamp('24-MAR-25 04.21.20.000000000 PM','DD-MON-RR HH.MI.SSXFF AM'),1,100,to_date('03-APR-25','DD-MON-RR'),1,to_timestamp('02-APR-25 08.15.32.000000000 AM','DD-MON-RR HH.MI.SSXFF AM'));
Insert into TAREAS (TAREA_ID,PROYECTO_ID,TITULO,ESTADO,HORAS_ESTIMADAS,HORAS_REALES,FECHA_CREACION,EQUIPO_ID,USUARIO_ID,DEADLINE,SPRINT_ID,FECHA_FINALIZACION) values (292,1,'Fix database deletion','completado',1,1,to_timestamp('24-MAR-25 04.21.20.000000000 PM','DD-MON-RR HH.MI.SSXFF AM'),1,104,to_date('03-APR-25','DD-MON-RR'),1,to_timestamp('02-APR-25 08.15.32.000000000 AM','DD-MON-RR HH.MI.SSXFF AM'));
Insert into TAREAS (TAREA_ID,PROYECTO_ID,TITULO,ESTADO,HORAS_ESTIMADAS,HORAS_REALES,FECHA_CREACION,EQUIPO_ID,USUARIO_ID,DEADLINE,SPRINT_ID,FECHA_FINALIZACION) values (193,1,'Update Story Points Priority','completado',1,1,to_timestamp('17-APR-25 04.21.20.000000000 PM','DD-MON-RR HH.MI.SSXFF AM'),1,104,to_date('30-APR-25','DD-MON-RR'),2,to_timestamp('22-APR-25 08.15.32.000000000 AM','DD-MON-RR HH.MI.SSXFF AM'));
Insert into TAREAS (TAREA_ID,PROYECTO_ID,TITULO,ESTADO,HORAS_ESTIMADAS,HORAS_REALES,FECHA_CREACION,EQUIPO_ID,USUARIO_ID,DEADLINE,SPRINT_ID,FECHA_FINALIZACION) values (227,1,'KPIs TDD Necesary Endpoints','completado',3,3,to_timestamp('21-APR-25 08.00.10.000000000 AM','DD-MON-RR HH.MI.SSXFF AM'),1,100,to_date('23-APR-25','DD-MON-RR'),2,to_timestamp('22-APR-25 03.34.42.000000000 PM','DD-MON-RR HH.MI.SSXFF AM'));
Insert into TAREAS (TAREA_ID,PROYECTO_ID,TITULO,ESTADO,HORAS_ESTIMADAS,HORAS_REALES,FECHA_CREACION,EQUIPO_ID,USUARIO_ID,DEADLINE,SPRINT_ID,FECHA_FINALIZACION) values (228,1,'Usuarios TDD Necesary Endpoints','completado',3,3,to_timestamp('21-APR-25 08.00.10.000000000 AM','DD-MON-RR HH.MI.SSXFF AM'),1,103,to_date('23-APR-25','DD-MON-RR'),2,to_timestamp('22-APR-25 12.03.42.000000000 PM','DD-MON-RR HH.MI.SSXFF AM'));
Insert into TAREAS (TAREA_ID,PROYECTO_ID,TITULO,ESTADO,HORAS_ESTIMADAS,HORAS_REALES,FECHA_CREACION,EQUIPO_ID,USUARIO_ID,DEADLINE,SPRINT_ID,FECHA_FINALIZACION) values (229,1,'Subtareas TDD Necesary Endpoints','completado',3,4,to_timestamp('21-APR-25 08.00.10.000000000 AM','DD-MON-RR HH.MI.SSXFF AM'),1,104,to_date('23-APR-25','DD-MON-RR'),2,to_timestamp('22-APR-25 04.43.11.000000000 PM','DD-MON-RR HH.MI.SSXFF AM'));
Insert into TAREAS (TAREA_ID,PROYECTO_ID,TITULO,ESTADO,HORAS_ESTIMADAS,HORAS_REALES,FECHA_CREACION,EQUIPO_ID,USUARIO_ID,DEADLINE,SPRINT_ID,FECHA_FINALIZACION) values (184,1,'Confirm if user deletion and SSO will be supported','completado',1,1,to_timestamp('07-APR-25 03.30.00.000000000 PM','DD-MON-RR HH.MI.SSXFF AM'),1,103,to_date('23-APR-25','DD-MON-RR'),2,to_timestamp('09-APR-25 04.30.00.000000000 PM','DD-MON-RR HH.MI.SSXFF AM'));
Insert into TAREAS (TAREA_ID,PROYECTO_ID,TITULO,ESTADO,HORAS_ESTIMADAS,HORAS_REALES,FECHA_CREACION,EQUIPO_ID,USUARIO_ID,DEADLINE,SPRINT_ID,FECHA_FINALIZACION) values (185,1,'Create KPIs page and route','completado',4,4,to_timestamp('07-APR-25 03.30.00.000000000 PM','DD-MON-RR HH.MI.SSXFF AM'),1,100,to_date('23-APR-25','DD-MON-RR'),2,to_timestamp('22-APR-25 08.32.01.000000000 PM','DD-MON-RR HH.MI.SSXFF AM'));
Insert into TAREAS (TAREA_ID,PROYECTO_ID,TITULO,ESTADO,HORAS_ESTIMADAS,HORAS_REALES,FECHA_CREACION,EQUIPO_ID,USUARIO_ID,DEADLINE,SPRINT_ID,FECHA_FINALIZACION) values (187,1,'Roles functionality','pendiente',4,null,to_timestamp('07-APR-25 03.30.00.000000000 PM','DD-MON-RR HH.MI.SSXFF AM'),1,102,to_date('07-MAY-25','DD-MON-RR'),2,null);
Insert into TAREAS (TAREA_ID,PROYECTO_ID,TITULO,ESTADO,HORAS_ESTIMADAS,HORAS_REALES,FECHA_CREACION,EQUIPO_ID,USUARIO_ID,DEADLINE,SPRINT_ID,FECHA_FINALIZACION) values (223,1,'Usuarios Tests TDD','completado',3,3,to_timestamp('10-APR-25 08.00.20.000000000 AM','DD-MON-RR HH.MI.SSXFF AM'),1,103,to_date('22-APR-25','DD-MON-RR'),2,to_timestamp('21-APR-25 02.43.15.000000000 PM','DD-MON-RR HH.MI.SSXFF AM'));
Insert into TAREAS (TAREA_ID,PROYECTO_ID,TITULO,ESTADO,HORAS_ESTIMADAS,HORAS_REALES,FECHA_CREACION,EQUIPO_ID,USUARIO_ID,DEADLINE,SPRINT_ID,FECHA_FINALIZACION) values (183,1,'Login and logout','en progreso',4,null,to_timestamp('24-APR-25 03.48.02.004071000 AM','DD-MON-RR HH.MI.SSXFF AM'),1,101,to_date('23-APR-25','DD-MON-RR'),2,null);
Insert into TAREAS (TAREA_ID,PROYECTO_ID,TITULO,ESTADO,HORAS_ESTIMADAS,HORAS_REALES,FECHA_CREACION,EQUIPO_ID,USUARIO_ID,DEADLINE,SPRINT_ID,FECHA_FINALIZACION) values (189,1,'Record Delivery video','completado',0.5,1,to_timestamp('07-APR-25 03.30.00.000000000 PM','DD-MON-RR HH.MI.SSXFF AM'),1,102,to_date('24-APR-25','DD-MON-RR'),2,null);
Insert into TAREAS (TAREA_ID,PROYECTO_ID,TITULO,ESTADO,HORAS_ESTIMADAS,HORAS_REALES,FECHA_CREACION,EQUIPO_ID,USUARIO_ID,DEADLINE,SPRINT_ID,FECHA_FINALIZACION) values (225,1,'Chatbot Tests TDD','completado',4,4,to_timestamp('10-APR-25 08.00.20.000000000 AM','DD-MON-RR HH.MI.SSXFF AM'),1,102,to_date('24-APR-25','DD-MON-RR'),2,to_timestamp('22-APR-25 11.31.18.000000000 AM','DD-MON-RR HH.MI.SSXFF AM'));
Insert into TAREAS (TAREA_ID,PROYECTO_ID,TITULO,ESTADO,HORAS_ESTIMADAS,HORAS_REALES,FECHA_CREACION,EQUIPO_ID,USUARIO_ID,DEADLINE,SPRINT_ID,FECHA_FINALIZACION) values (221,1,'Tareas Tests TDD','completado',4,5,to_timestamp('10-APR-25 08.00.20.000000000 AM','DD-MON-RR HH.MI.SSXFF AM'),1,101,to_date('24-APR-25','DD-MON-RR'),2,to_timestamp('23-APR-25 07.11.32.000000000 PM','DD-MON-RR HH.MI.SSXFF AM'));
Insert into TAREAS (TAREA_ID,PROYECTO_ID,TITULO,ESTADO,HORAS_ESTIMADAS,HORAS_REALES,FECHA_CREACION,EQUIPO_ID,USUARIO_ID,DEADLINE,SPRINT_ID,FECHA_FINALIZACION) values (262,1,'2FA Cron Job Setup','completado',2,2,to_timestamp('24-MAR-25 04.21.20.000000000 PM','DD-MON-RR HH.MI.SSXFF AM'),1,102,to_date('03-APR-25','DD-MON-RR'),1,to_timestamp('02-APR-25 08.15.32.000000000 AM','DD-MON-RR HH.MI.SSXFF AM'));
Insert into TAREAS (TAREA_ID,PROYECTO_ID,TITULO,ESTADO,HORAS_ESTIMADAS,HORAS_REALES,FECHA_CREACION,EQUIPO_ID,USUARIO_ID,DEADLINE,SPRINT_ID,FECHA_FINALIZACION) values (289,1,'Deploy project using OCI, docker and kubernetes','completado',4,4,to_timestamp('24-MAR-25 04.21.20.000000000 PM','DD-MON-RR HH.MI.SSXFF AM'),1,103,to_date('03-APR-25','DD-MON-RR'),1,to_timestamp('02-APR-25 08.15.32.000000000 AM','DD-MON-RR HH.MI.SSXFF AM'));
Insert into TAREAS (TAREA_ID,PROYECTO_ID,TITULO,ESTADO,HORAS_ESTIMADAS,HORAS_REALES,FECHA_CREACION,EQUIPO_ID,USUARIO_ID,DEADLINE,SPRINT_ID,FECHA_FINALIZACION) values (226,1,'Tareas TDD Necesary Endpoints','completado',2,3,to_timestamp('23-APR-25 08.00.20.000000000 AM','DD-MON-RR HH.MI.SSXFF AM'),1,101,to_date('23-APR-25','DD-MON-RR'),2,to_timestamp('23-APR-25 10.31.18.000000000 PM','DD-MON-RR HH.MI.SSXFF AM'));
Insert into TAREAS (TAREA_ID,PROYECTO_ID,TITULO,ESTADO,HORAS_ESTIMADAS,HORAS_REALES,FECHA_CREACION,EQUIPO_ID,USUARIO_ID,DEADLINE,SPRINT_ID,FECHA_FINALIZACION) values (230,1,'Chatbot TDD Necesary Endpoints','completado',3,3,to_timestamp('21-APR-25 08.00.10.000000000 AM','DD-MON-RR HH.MI.SSXFF AM'),1,102,to_date('23-APR-25','DD-MON-RR'),2,to_timestamp('22-APR-25 06.00.56.000000000 PM','DD-MON-RR HH.MI.SSXFF AM'));
Insert into TAREAS (TAREA_ID,PROYECTO_ID,TITULO,ESTADO,HORAS_ESTIMADAS,HORAS_REALES,FECHA_CREACION,EQUIPO_ID,USUARIO_ID,DEADLINE,SPRINT_ID,FECHA_FINALIZACION) values (306,1,'Github Repository Restructure','completado',2,2,to_timestamp('25-MAR-25 04.21.20.000000000 PM','DD-MON-RR HH.MI.SSXFF AM'),1,103,to_date('05-APR-25','DD-MON-RR'),1,to_timestamp('04-APR-25 08.15.32.000000000 AM','DD-MON-RR HH.MI.SSXFF AM'));
Insert into USUARIOS (USUARIO_ID,NOMBRE,EMAIL,ROL,EQUIPO_ID,TELEGRAM_CHAT_ID) values (104,'Miguel Angel Barrientos Ballesteros','A01637150@tec.mx','manager',1,'100005');
Insert into USUARIOS (USUARIO_ID,NOMBRE,EMAIL,ROL,EQUIPO_ID,TELEGRAM_CHAT_ID) values (101,'José María Soto Valenzuela','A01254831@tec.mx','manager',1,'100002');
Insert into USUARIOS (USUARIO_ID,NOMBRE,EMAIL,ROL,EQUIPO_ID,TELEGRAM_CHAT_ID) values (103,'Fernanda Díaz Gutiérrez','A01639572@tec.mx','developer',1,'100004');
Insert into USUARIOS (USUARIO_ID,NOMBRE,EMAIL,ROL,EQUIPO_ID,TELEGRAM_CHAT_ID) values (102,'Cesar Alan Silva Ramos','A01252916@tec.mx','developer',1,'100003');
Insert into USUARIOS (USUARIO_ID,NOMBRE,EMAIL,ROL,EQUIPO_ID,TELEGRAM_CHAT_ID) values (100,'Diego Iván Morales Gallardo','A01643382@tec.mx','developer',1,'100001');
--------------------------------------------------------
--  DDL for Index SYS_C0045126
--------------------------------------------------------

  CREATE UNIQUE INDEX "SYS_C0045126" ON "EQUIPOS" ("EQUIPO_ID") ;
--------------------------------------------------------
--  DDL for Index SYS_C0045138
--------------------------------------------------------

  CREATE UNIQUE INDEX "SYS_C0045138" ON "KPIS" ("KPI_ID") ;
--------------------------------------------------------
--  DDL for Index SYS_C0045129
--------------------------------------------------------

  CREATE UNIQUE INDEX "SYS_C0045129" ON "PROYECTOS" ("PROYECTO_ID") ;
--------------------------------------------------------
--  DDL for Index SYS_C0045131
--------------------------------------------------------

  CREATE UNIQUE INDEX "SYS_C0045131" ON "SPRINTS" ("SPRINT_ID") ;
--------------------------------------------------------
--  DDL for Index SYS_C0045188
--------------------------------------------------------

  CREATE UNIQUE INDEX "SYS_C0045188" ON "SUB_TAREAS" ("SUB_TAREA_ID") ;
--------------------------------------------------------
--  DDL for Index SYS_C0045133
--------------------------------------------------------

  CREATE UNIQUE INDEX "SYS_C0045133" ON "TAREAS" ("TAREA_ID") ;
--------------------------------------------------------
--  DDL for Index SYS_C0045127
--------------------------------------------------------

  CREATE UNIQUE INDEX "SYS_C0045127" ON "USUARIOS" ("USUARIO_ID") ;
--------------------------------------------------------
--  DDL for Trigger BI_TAREAS
--------------------------------------------------------

  CREATE OR REPLACE EDITIONABLE TRIGGER "BI_TAREAS" 
BEFORE INSERT ON TAREAS
FOR EACH ROW
BEGIN
  IF :NEW.TAREA_ID IS NULL THEN
    SELECT SEQ_TAREAS.NEXTVAL INTO :NEW.TAREA_ID FROM dual;
  END IF;
END;

ALTER TRIGGER "BI_TAREAS" ENABLE;
--------------------------------------------------------
--  Constraints for Table EQUIPOS
--------------------------------------------------------

  ALTER TABLE "EQUIPOS" ADD PRIMARY KEY ("EQUIPO_ID") USING INDEX  ENABLE;
--------------------------------------------------------
--  Constraints for Table KPIS
--------------------------------------------------------

  ALTER TABLE "KPIS" ADD PRIMARY KEY ("KPI_ID") USING INDEX  ENABLE;
--------------------------------------------------------
--  Constraints for Table PROYECTOS
--------------------------------------------------------

  ALTER TABLE "PROYECTOS" ADD PRIMARY KEY ("PROYECTO_ID") USING INDEX  ENABLE;
--------------------------------------------------------
--  Constraints for Table SPRINTS
--------------------------------------------------------

  ALTER TABLE "SPRINTS" ADD PRIMARY KEY ("SPRINT_ID") USING INDEX  ENABLE;
--------------------------------------------------------
--  Constraints for Table SUB_TAREAS
--------------------------------------------------------

  --ALTER TABLE "SUB_TAREAS" MODIFY ("SUB_TAREA_ID" NOT NULL ENABLE);
  ALTER TABLE "SUB_TAREAS" MODIFY ("TAREA_ID" NOT NULL ENABLE);
  ALTER TABLE "SUB_TAREAS" ADD PRIMARY KEY ("SUB_TAREA_ID") USING INDEX  ENABLE;
--------------------------------------------------------
--  Constraints for Table TAREAS
--------------------------------------------------------

  ALTER TABLE "TAREAS" ADD PRIMARY KEY ("TAREA_ID") USING INDEX  ENABLE;
--------------------------------------------------------
--  Constraints for Table USUARIOS
--------------------------------------------------------

  ALTER TABLE "USUARIOS" ADD PRIMARY KEY ("USUARIO_ID") USING INDEX  ENABLE;
--------------------------------------------------------
--  Ref Constraints for Table KPIS
--------------------------------------------------------

  ALTER TABLE "KPIS" ADD CONSTRAINT "FK_KPI_USUARIO" FOREIGN KEY ("USUARIO_ID") REFERENCES "USUARIOS" ("USUARIO_ID") ENABLE;
--------------------------------------------------------
--  Ref Constraints for Table PROYECTOS
--------------------------------------------------------

  ALTER TABLE "PROYECTOS" ADD CONSTRAINT "FK_PROYECTO_EQUIPO" FOREIGN KEY ("EQUIPO_ID") REFERENCES "EQUIPOS" ("EQUIPO_ID") ENABLE;
--------------------------------------------------------
--  Ref Constraints for Table SPRINTS
--------------------------------------------------------

  ALTER TABLE "SPRINTS" ADD CONSTRAINT "FK_SPRINT_PROYECTO" FOREIGN KEY ("PROYECTO_ID") REFERENCES "PROYECTOS" ("PROYECTO_ID") ENABLE;
--------------------------------------------------------
--  Ref Constraints for Table SUB_TAREAS
--------------------------------------------------------

  ALTER TABLE "SUB_TAREAS" ADD CONSTRAINT "FK_TAREA_SUBTAREA" FOREIGN KEY ("TAREA_ID") REFERENCES "TAREAS" ("TAREA_ID") ENABLE;
--------------------------------------------------------
--  Ref Constraints for Table TAREAS
--------------------------------------------------------

  ALTER TABLE "TAREAS" ADD CONSTRAINT "FK_TAREA_USUARIO" FOREIGN KEY ("USUARIO_ID") REFERENCES "USUARIOS" ("USUARIO_ID") ENABLE;
  ALTER TABLE "TAREAS" ADD CONSTRAINT "FK_TAREA_PROYECTO" FOREIGN KEY ("PROYECTO_ID") REFERENCES "PROYECTOS" ("PROYECTO_ID") ENABLE;
--------------------------------------------------------
--  Ref Constraints for Table USUARIOS
--------------------------------------------------------

  ALTER TABLE "USUARIOS" ADD CONSTRAINT "FK_USUARIO_EQUIPO" FOREIGN KEY ("EQUIPO_ID") REFERENCES "EQUIPOS" ("EQUIPO_ID") ENABLE;
